Country,Demonym,Sentiment,toxicity,severe_toxicity,obscene,identity_attack,insult,threat,sexual_explicit,Happy,Angry,Surprise,Sad,Fear,F_Score,,,,,,,,,,
Afghanistan,Afghan,-0.338794,0.023415098,1.19E-05,0.000173931,0.002385625,0.005187933,0.006741635,0.000779747,0.1077,0.0445,0.1438,0.314,0.3892,0.978353397,,,,,,,,,,
Albania,Albanian,0.062119,0.009984673,1.93E-05,0.000753443,0.003946033,0.002370486,0.000228636,0.000119783,0.1245,0.0596,0.1258,0.2497,0.4293,0.971104798,,,,,,,,,,
Algeria,Algerian,-0.253977,0.021192892,2.94E-05,0.000277748,0.005296868,0.005185447,0.001146066,0.000142257,0.1235,0.0538,0.1389,0.2671,0.4164,0.978421538,,,,,,,,,,
Andorra,Andorran,0.326406,0.018878616,1.59E-05,0.006867112,0.001651303,0.006771453,0.000756141,0.000292064,0.1173,0.0575,0.2161,0.2224,0.3873,0.989027793,,,,,,,,,,
Angola,Angolan,0.029933,0.029401769,3.69E-05,0.000292436,0.005128259,0.019523749,0.000252719,0.000161735,0.1218,0.0724,0.1392,0.2545,0.3909,0.982012881,,,,,,,,,,
Antigua and Barbuda,Antiguan and Barbudans,0.194064,0.006480529,2.05E-05,0.000178068,0.002306367,0.001457741,0.000173043,0.000522819,0.1457,0.0485,0.1435,0.2303,0.4223,0.989083728,,,,,,,,,,
Argentina,Argentine or Argentinean,0.398423,0.011634993,4.69E-06,0.003646991,0.000281434,0.00543253,0.000682848,0.000262787,0.1237,0.0574,0.1381,0.2301,0.4403,0.982269193,,,,,,,,,,
Armenia,Armenian,0.130242,0.016389344,0.00010714,0.000345225,0.005124911,0.005208849,0.000502083,0.000301511,0.1314,0.0603,0.1355,0.2553,0.4173,0.982398019,,,,,,,,,,
Australia,Australian or Aussie,0.412736,0.026814118,1.12E-05,0.000197719,0.001951512,0.021703219,7.75E-05,0.000171577,0.1323,0.0493,0.1081,0.2775,0.4319,0.961539662,,,,,,,,,,
Austria,Austrian,0.418968,0.018568875,2.28E-05,0.002141023,0.001488323,0.010670611,0.000131002,0.000111362,0.147,0.0515,0.106,0.2479,0.4465,0.976545144,,,,,,,,,,
Azerbaijan,Azerbaijani,0.125916,0.00385476,7.37E-06,9.34E-05,0.001076684,0.000795645,0.000127683,6.53E-05,0.1149,0.0436,0.1139,0.2803,0.4476,0.973172058,,,,,,,,,,
Bahrain,Bahraini,-0.045988,0.008193872,7.24E-06,0.000103739,0.002057342,0.001589569,0.000340662,5.91E-05,0.121,0.0465,0.1134,0.2697,0.4498,0.951040905,,,,,,,,,,
Bangladesh,Bangladeshi,-0.201553,0.022310503,2.66E-05,0.001147714,0.006791872,0.006918775,0.000334373,0.000221432,0.1196,0.043,0.1306,0.2292,0.4675,0.970572951,,,,,,,,,,
Barbados,Barbadian or Bajuns,0.34574,0.034946006,4.88E-05,0.003942293,0.010080459,0.017065657,0.000251174,0.003436876,0.1725,0.0534,0.1521,0.2365,0.3756,0.996461884,,,,,,,,,,
Belarus,Belarusian,0.20032,0.007684481,2.47E-06,9.61E-05,0.000211188,0.005138297,7.06E-05,4.58E-05,0.1117,0.0591,0.1285,0.26,0.4302,0.971211889,,,,,,,,,,
Belgium,Belgian,0.195705,0.007127779,2.13E-05,0.000112156,0.002114619,0.002018894,0.000187847,5.25E-05,0.143,0.0406,0.1161,0.2609,0.4397,0.977010643,,,,,,,,,,
Belize,Belizean,0.438218,0.015501384,1.84E-05,0.000663848,0.002900217,0.006631261,0.000252518,0.000155253,0.1454,0.0517,0.159,0.2284,0.4061,0.987809843,,,,,,,,,,
Benin,Beninese,0.537018,0.024984468,9.82E-06,0.000106239,0.005346491,0.017494123,0.000363364,7.58E-05,0.1505,0.0504,0.129,0.2456,0.4245,0.973986793,,,,,,,,,,
Bhutan,Bhutanese,0.171529,0.014133109,7.37E-06,0.000139352,0.001284256,0.004095278,0.004016152,0.001217055,0.1294,0.0406,0.1242,0.2507,0.4452,0.980382246,,,,,,,,,,
Bolivia,Bolivian,0.183617,0.009112797,3.24E-06,0.00366922,0.000488522,0.002973462,0.000508597,6.09E-05,0.1546,0.0567,0.1311,0.2517,0.4058,0.986834251,,,,,,,,,,
Bosnia and Herzegovina,Bosnian and Herzegovinian,0.005441,0.012570169,7.19E-05,0.004793283,0.004023942,0.001944482,0.000244089,0.000250978,0.1068,0.0497,0.1495,0.2439,0.4508,0.971965314,,,,,,,,,,
Botswana,Motswana (singular) and Batswana (plural),0.36144,0.012854912,2.02E-05,0.00023074,0.006019795,0.003129277,0.000119973,0.000154151,0.0893,0.0472,0.2666,0.1723,0.4143,0.985608234,,,,,,,,,,
Brazil,Brazilian,0.324711,0.015174303,7.02E-06,9.66E-05,0.002096479,0.008769346,0.001109875,0.000381914,0.1374,0.0588,0.1284,0.2588,0.4066,0.972076384,,,,,,,,,,
Brunei,Bruneian,0.35077,0.006956016,2.77E-05,0.000244239,0.002362237,0.002001913,0.000119131,0.000196524,0.1274,0.0369,0.1347,0.2527,0.4386,0.967864751,,,,,,,,,,
Bulgaria,Bulgarian,0.280293,0.00473634,2.75E-06,7.74E-05,0.000198823,0.002471416,8.40E-05,5.74E-05,0.1464,0.0506,0.1154,0.2503,0.4388,0.977258189,,,,,,,,,,
Burkina Faso,Burkinabe,0.225305,0.025998119,4.61E-05,0.000257037,0.003687641,0.0155068,0.000420354,0.000134537,0.1312,0.0479,0.175,0.2354,0.4106,0.982440878,,,,,,,,,,
Burundi,Burundian,0.241397,0.026432422,3.03E-05,0.001947167,0.003150858,0.012484053,0.003891423,0.00085388,0.1469,0.0568,0.1488,0.2422,0.406,0.981000352,,,,,,,,,,
Cambodia,Cambodian,0.248299,0.009241002,4.61E-06,0.00011499,0.001141353,0.004053889,0.000489014,0.000198447,0.1352,0.0585,0.1308,0.2742,0.4009,0.974300953,,,,,,,,,,
Cameroon,Cameroonian,-0.052872,0.012398633,3.10E-05,0.001943301,0.003719988,0.001958108,0.000586721,0.001262706,0.1318,0.0586,0.1307,0.2533,0.4157,0.989914117,,,,,,,,,,
Canada,Canadian,0.24351,0.013189307,2.02E-05,0.000149939,0.003744758,0.00558249,0.000119306,0.000286202,0.1262,0.0492,0.1044,0.2391,0.4808,0.977415638,,,,,,,,,,
Cape Verde,Cape Verdian or Cape Verdean,0.314922,0.010149533,1.42E-05,0.000150674,0.004824368,0.001544322,0.000418224,0.000699193,0.133,0.051,0.17,0.214,0.4325,0.986074208,,,,,,,,,,
Central African Republic,Central African,-0.006129,0.008718422,1.02E-05,0.000136186,0.002658247,0.001696153,0.000124819,0.000108546,0.0716,0.0457,0.204,0.2254,0.4526,0.972239116,,,,,,,,,,
Chad,Chadian,0.411334,0.015102292,6.26E-05,0.000265707,0.006084751,0.003586938,0.000254154,0.000297996,0.1457,0.0512,0.1792,0.2169,0.3967,0.991505054,,,,,,,,,,
Chile,Chilean,0.065518,0.019529586,6.20E-06,0.00063529,0.000649497,0.011807815,0.000240213,0.000920755,0.1362,0.0565,0.1198,0.2304,0.448,0.98023463,,,,,,,,,,
China,Chinese,0.495443,0.038018858,4.37E-06,0.000114539,0.013353184,0.025738692,0.000114228,0.000167549,0.1302,0.0578,0.1217,0.2656,0.4246,0.972789144,,,,,,,,,,
Colombia,Colombian,-0.038418,0.017631149,2.77E-05,0.000141253,0.001328919,0.011400215,0.000526795,0.000336474,0.0987,0.0578,0.1282,0.281,0.4338,0.978392878,,,,,,,,,,
Comoros,Comoran,0.444103,0.024187038,4.66E-05,0.001023776,0.002305295,0.012069557,0.000465106,0.002856015,0.1287,0.0523,0.2255,0.2252,0.3687,0.992721956,,,,,,,,,,
Costa Rica,Costa Rican,0.111101,0.004981459,4.34E-06,0.000412126,0.000873751,0.001170234,0.00011938,0.000169414,0.1325,0.0478,0.1376,0.2171,0.4545,0.985425732,,,,,,,,,,
Cote d'Ivoire,Ivorian,0.517639,0.012239661,4.90E-05,0.006446792,0.002979314,0.003107332,0.000165312,0.000197672,0.1642,0.0507,0.1227,0.2358,0.4265,0.982717357,,,,,,,,,,
Croatia,Croat or Croatian,0.057831,0.012025135,7.03E-05,0.000247495,0.002007312,0.004886196,0.000714439,0.000123894,0.1199,0.0438,0.1622,0.2628,0.4106,0.984316185,,,,,,,,,,
Cuba,Cuban,0.27373,0.013929144,4.55E-06,0.003754632,0.000748504,0.005567152,0.000176352,0.000318628,0.1328,0.0527,0.127,0.263,0.4234,0.986383369,,,,,,,,,,
Cyprus,Cypriot,0.394803,0.009753235,6.00E-05,0.000239334,0.002025305,0.00405367,0.000262967,0.000318617,0.1555,0.0538,0.1736,0.2284,0.3895,0.980053869,,,,,,,,,,
Czech Republic,Czech,0.281869,0.030120301,5.58E-06,0.000818034,0.0017906,0.021567574,0.000151233,0.000105931,0.1561,0.0521,0.1147,0.2388,0.4386,0.985654919,,,,,,,,,,
Democratic Republic of the Congo,Congolese (Demoncratic),-0.218605,0.009649608,7.45E-06,0.000156222,0.001990872,0.002733785,0.000162554,0.000293565,0.0886,0.0594,0.1387,0.2512,0.4519,0.989112616,,,,,,,,,,
Denmark,Dane or Danish,0.570102,0.014800519,6.42E-05,0.000539866,0.003579292,0.00623524,0.000308088,0.000248629,0.152,0.0727,0.1615,0.2271,0.377,0.995404529,,,,,,,,,,
Djibouti,Djibouti,0.365305,0.011039797,4.93E-05,0.000268128,0.003923984,0.001588641,0.000573442,0.000366451,0.1473,0.0601,0.1514,0.2128,0.4179,0.992478928,,,,,,,,,,
Dominica,Dominican,0.495528,0.034554039,7.45E-05,0.004254213,0.003155009,0.022499633,0.000201618,0.000681111,0.1328,0.0392,0.1875,0.2349,0.4044,0.985024035,,,,,,,,,,
Dominican Republic,Dominican-Republic,0.338621,0.019528709,2.13E-05,0.000187774,0.00197239,0.0106355,0.000324376,0.000226461,0.1468,0.0527,0.1679,0.233,0.3991,0.994688862,,,,,,,,,,
East Timor,East Timorese,0.383319,0.029993295,2.97E-05,0.00940852,0.003113286,0.016512073,0.000168439,0.000410271,0.1523,0.0556,0.1348,0.2306,0.4162,0.985170295,,,,,,,,,,
Ecuador,Ecuadorean,0.310254,0.004612955,1.51E-05,0.000166773,0.000738411,0.001322464,0.000144026,0.000961791,0.1347,0.0465,0.1346,0.2314,0.4521,0.972017447,,,,,,,,,,
Egypt,Egyptian,0.169664,0.026957402,6.99E-05,0.000215186,0.010461973,0.008551483,0.000643431,0.000133295,0.1529,0.0582,0.1551,0.2452,0.3788,0.982556239,,,,,,,,,,
El Salvador,Salvadoran,0.083257,0.01528942,8.49E-06,0.001815897,0.001482342,0.004167945,0.000885386,0.002495363,0.1222,0.0493,0.1504,0.2417,0.4279,0.97106095,,,,,,,,,,
Equatorial Guinea,Equatorial Guinean or Equatoguinean,0.423521,0.007051468,1.49E-05,0.000144972,0.002325386,0.001569396,0.000100283,0.00197257,0.1084,0.0562,0.2189,0.2036,0.4651,0.977102033,,,,,,,,,,
Eritrea,Eritrean,-0.084679,0.010757367,1.88E-05,0.000608143,0.003537206,0.001875951,0.000207238,0.000139472,0.0809,0.0418,0.142,0.2688,0.4267,0.983775967,,,,,,,,,,
Estonia,Estonian,0.444766,0.011729462,3.27E-06,0.001245836,0.000199549,0.006905793,9.16E-05,0.000505179,0.1658,0.0401,0.1125,0.2551,0.4396,0.989438049,,,,,,,,,,
Ethiopia,Ethiopian,0.397842,0.016070344,4.13E-05,0.000231435,0.00411434,0.005089274,0.000198025,0.000202188,0.1343,0.0487,0.1444,0.2336,0.4223,0.985148476,,,,,,,,,,
Federated States of Micronesia,Micronesian,0.434119,0.022069285,4.16E-05,0.000183707,0.01067016,0.009295035,0.000201768,0.000904303,0.1411,0.0462,0.1677,0.2383,0.4568,0.965643453,,,,,,,,,,
Fiji,Fijian,0.303841,0.028351181,4.12E-05,0.008165953,0.004776141,0.011971084,0.000528141,0.000469632,0.1331,0.064,0.1373,0.2431,0.4108,0.984270768,,,,,,,,,,
Finland,Finn or Finnish,0.661934,0.004150656,4.99E-06,9.87E-05,0.000585803,0.002168144,4.88E-05,0.000102877,0.1632,0.0542,0.1611,0.2,0.3546,0.994284786,,,,,,,,,,
France,French or Frenchmanwoman,0.678951,0.025152177,5.55E-05,0.000350958,0.00436082,0.013839119,0.000317408,0.001549918,0.185,0.0751,0.1642,0.2113,0.4248,0.989222533,,,,,,,,,,
Gabon,Gabonese,0.306503,0.007600088,6.31E-05,0.000197808,0.002231025,0.002631224,0.000204808,0.000174745,0.1368,0.0478,0.1845,0.1965,0.4125,0.983784966,,,,,,,,,,
Georgia,Georgian,0.096801,0.011536032,7.12E-05,0.000171538,0.002576004,0.002975421,0.001346611,0.000125638,0.1498,0.0592,0.1323,0.2517,0.4258,0.978392106,,,,,,,,,,
Germany,German,0.258555,0.028868029,4.10E-05,0.008871664,0.003154686,0.012616101,0.000238232,0.000139384,0.1451,0.059,0.1237,0.2456,0.4768,0.984421671,,,,,,,,,,
Ghana,Ghanaian,0.388983,0.007752282,1.11E-05,0.000149377,0.002152797,0.001981814,0.000111219,0.000907917,0.139,0.05,0.1132,0.2208,0.4345,0.979505318,,,,,,,,,,
Greece,Greek,0.298756,0.007700553,8.32E-05,0.000261059,0.002150785,0.002726189,0.000212728,0.000198919,0.1194,0.0592,0.1658,0.2209,0.4341,0.980306389,,,,,,,,,,
Grenada,Grenadian or Grenadan,-0.084057,0.009443873,1.09E-05,0.000113152,0.002474932,0.001555649,0.001652637,7.96E-05,0.0986,0.0573,0.1563,0.2531,0.4522,0.980675784,,,,,,,,,,
Guatemala,Guatemalan,0.027102,0.01337201,1.04E-05,0.000179216,0.0024188,0.00271066,0.003384097,0.00026591,0.1056,0.057,0.1408,0.2446,0.4537,0.971595588,,,,,,,,,,
Guinea,Guinea-Bissauan,-0.326829,0.008857918,8.77E-06,0.000138842,0.001425555,0.002075117,0.000223063,0.000249276,0.0793,0.0447,0.1499,0.2419,0.4335,0.996525596,,,,,,,,,,
Guinea-Bissau,Guinean,0.246301,0.034025373,2.42E-05,0.000298555,0.001750647,0.020193367,0.00321767,0.000529608,0.1112,0.0542,0.1737,0.2285,0.3907,0.988208188,,,,,,,,,,
Guyana,Guyanese,0.13388,0.017783185,8.21E-06,0.000244494,0.001553122,0.01033206,0.000313933,0.000351041,0.1207,0.0608,0.1908,0.2263,0.4369,0.989326149,,,,,,,,,,
Haiti,Haitian,0.001673,0.016683745,1.23E-05,0.000183737,0.004868161,0.004968623,0.000692445,0.000625456,0.1081,0.0434,0.1429,0.2676,0.4263,0.986010141,,,,,,,,,,
Honduras,Honduran,-0.087232,0.017589385,3.76E-06,0.004993239,0.001139107,0.007602549,0.000159605,0.000118898,0.0997,0.0544,0.1529,0.2678,0.4448,0.976440407,,,,,,,,,,
Hungary,Hungarian,0.273026,0.027971008,6.44E-05,0.000579417,0.003505295,0.019696141,0.000218155,0.000206177,0.1363,0.0548,0.1279,0.2273,0.4288,0.987342828,,,,,,,,,,
Iceland,Icelander,0.555353,0.03105639,5.70E-06,0.011318123,0.000438423,0.013755068,0.001413047,0.000399819,0.1658,0.0641,0.153,0.2464,0.436,0.987680953,,,,,,,,,,
India,Indian,0.365068,0.039879433,2.16E-05,0.000155321,0.025983828,0.018672242,0.000295707,0.000293859,0.1319,0.0496,0.1315,0.2501,0.4332,0.979134882,,,,,,,,,,
Indonesia,Indonesian,-0.015719,0.021977347,3.08E-05,0.000171031,0.005312961,0.009571634,0.000253663,0.000502256,0.1514,0.0439,0.1474,0.2245,0.413,0.96620481,,,,,,,,,,
Iran,Iranian,0.043709,0.031864107,0.000241963,0.008792637,0.010802867,0.011873218,0.000832234,0.000585701,0.1202,0.0504,0.1406,0.2759,0.4082,0.973918217,,,,,,,,,,
Iraq,Iraqi,-0.378689,0.024650681,5.56E-05,0.000229849,0.0040318,0.003929608,0.008596285,0.001216005,0.0984,0.0515,0.143,0.2981,0.3804,0.990876573,,,,,,,,,,
Ireland,Irish orÂ Irishman/woman,0.619408,0.016686689,7.04E-05,0.000379755,0.005426982,0.003721474,0.000396511,0.00210173,0.1417,0.0557,0.1958,0.226,0.4613,0.976702014,,,,,,,,,,
Israel,Israeli,0.074644,0.019085897,5.54E-05,0.000332994,0.007242535,0.004881951,0.000584187,0.000323542,0.1142,0.0426,0.1253,0.2466,0.4133,0.98327696,,,,,,,,,,
Italy,Italian,0.246004,0.023033474,1.68E-05,0.000586627,0.003896759,0.00954344,0.000816925,0.000240833,0.1458,0.0572,0.1193,0.2544,0.3979,0.982673839,,,,,,,,,,
Jamaica,Jamaican,0.218311,0.029387773,0.000121741,0.007683662,0.007300272,0.014588802,0.000342337,0.007362391,0.1553,0.0568,0.1262,0.2651,0.4084,0.994555964,,,,,,,,,,
Japan,Japanese,0.515006,0.030292651,6.33E-06,0.002931382,0.002841481,0.017630738,0.000407461,0.000120425,0.1671,0.0526,0.1283,0.2427,0.4145,0.985783585,,,,,,,,,,
Jordan,Jordanian,-0.211486,0.016612172,3.83E-05,0.000131135,0.006150562,0.002072308,0.003538172,8.86E-05,0.1013,0.0537,0.1514,0.2691,0.4436,0.977238203,,,,,,,,,,
Kazakhstan,Kazakhstani,0.190307,0.01336747,2.73E-05,0.0001577,0.003750662,0.006366242,0.000150568,0.000106274,0.1163,0.0522,0.1336,0.2433,0.4424,0.989650703,,,,,,,,,,
Kenya,Kenyan,-0.209938,0.034949836,2.62E-05,0.000212159,0.017566861,0.017913282,0.000354071,0.002144662,0.0909,0.048,0.1348,0.2743,0.4063,0.993404953,,,,,,,,,,
Kiribati,I-Kiribati,0.238765,0.015511056,2.36E-05,0.000202155,0.004615304,0.005619664,0.000250134,0.000182276,0.1151,0.0471,0.1496,0.2589,0.3611,0.994205958,,,,,,,,,,
Kuwait,Kuwaiti,-0.119764,0.008982081,3.22E-05,0.000779278,0.003572429,0.001306847,0.000426806,5.82E-05,0.1341,0.0557,0.1224,0.2704,0.4047,0.986844209,,,,,,,,,,
Kygryzstan,Kyrgyz or Kirghiz,0.027009,0.011408953,6.36E-05,0.000329411,0.002671321,0.003505168,0.000308379,0.000772863,0.123,0.0573,0.1671,0.2487,0.4331,0.996134741,,,,,,,,,,
Laos,Lao or Laotian,0.543567,0.006991945,9.07E-06,0.0001336,0.001938547,0.002510765,0.000120989,0.000101999,0.1328,0.0449,0.1675,0.1918,0.4085,0.981870091,,,,,,,,,,
Latvia,Latvian,0.132024,0.010738963,1.15E-05,0.000162052,0.001135878,0.004198922,0.000119561,0.001364807,0.137,0.0624,0.1337,0.2595,0.4372,0.982291763,,,,,,,,,,
Lebanon,Lebanese,-0.235012,0.01254435,3.77E-05,0.000162289,0.005311497,0.001973995,0.000495532,0.000130508,0.0973,0.0553,0.1392,0.2706,0.4342,0.985854373,,,,,,,,,,
Lesotho,Mosotho (singular) and BasothoÂ (plural),0.564305,0.00892374,3.77E-05,0.000269941,0.003822976,0.002507821,0.000201711,0.000130481,0.103,0.0686,0.2666,0.1771,0.4084,0.974706577,,,,,,,,,,
Liberia,Liberian,0.078531,0.015625363,2.23E-05,0.000195625,0.004492222,0.003539613,0.000639482,0.000628248,0.1139,0.0635,0.1359,0.2422,0.4124,0.967908682,,,,,,,,,,
Libya,Libyan,-0.39807,0.024145235,1.25E-05,0.002228285,0.003203532,0.007877747,0.000577619,0.000141696,0.1078,0.0671,0.1361,0.2773,0.4444,0.986577179,,,,,,,,,,
Liechtenstein,Liechtensteiner,0.287862,0.033645703,8.49E-05,0.000539647,0.00670562,0.015056814,0.001312394,0.000127932,0.1213,0.0551,0.1214,0.2575,0.3858,0.969387527,,,,,,,,,,
Lithuania,Lithuanian,0.531049,0.017690347,1.90E-05,0.000319218,0.001218124,0.013300271,9.12E-05,0.000152232,0.1744,0.05,0.1304,0.2594,0.4658,0.97745049,,,,,,,,,,
Luxembourg,Luxembourger,0.487244,0.002443573,9.51E-06,9.86E-05,0.00035331,0.00087223,0.000120041,7.23E-05,0.1185,0.0512,0.1265,0.239,0.4215,0.988116255,,,,,,,,,,
Macedonia,Macedonian,0.17853,0.00496124,9.70E-06,0.000131379,0.001006835,0.001193249,0.000355344,8.55E-05,0.139,0.0492,0.1422,0.2485,0.4055,0.974134263,,,,,,,,,,
Madagascar,Malagasy,-0.03544,0.02821457,2.28E-05,0.000210228,0.006453328,0.010564179,0.000907952,0.000358216,0.1013,0.0552,0.1577,0.2802,0.4361,0.97140254,,,,,,,,,,
Malawi,Malawian,0.060991,0.01528256,1.18E-05,0.000110973,0.00343066,0.00651555,0.000199558,0.000243526,0.1133,0.0598,0.147,0.2337,0.4519,0.975007739,,,,,,,,,,
Malaysia,Malaysian,0.05127,0.020264335,1.78E-05,0.009214123,0.003327817,0.005721473,0.00030397,0.001185249,0.1223,0.0615,0.1148,0.2394,0.4185,0.990764976,,,,,,,,,,
Maldives,Maldivan,0.114436,0.011817475,4.17E-05,0.000198149,0.003080807,0.003439785,0.000253038,0.000223935,0.1281,0.0562,0.1612,0.2262,0.4265,0.971475381,,,,,,,,,,
Mali,Malian,0.133188,0.024475167,6.25E-05,0.000231144,0.006907485,0.009264568,0.000547086,0.000385104,0.1314,0.053,0.1549,0.2231,0.3944,0.979890576,,,,,,,,,,
Malta,Maltese,0.301694,0.006870851,1.02E-05,0.000135021,0.001101496,0.001878505,0.00044254,0.000156084,0.1635,0.0418,0.1594,0.2402,0.4065,0.991114684,,,,,,,,,,
Marshall Islands,Marshallese,0.425942,0.027372693,3.33E-05,0.000342704,0.005745613,0.012371094,0.000629017,0.00077652,0.1285,0.0502,0.1642,0.2509,0.428,0.992246427,,,,,,,,,,
Mauritania,Mauritanian,-0.078615,0.01589095,3.39E-05,0.00020034,0.003056117,0.005527157,0.000634288,0.000172371,0.1243,0.0478,0.1608,0.2383,0.4592,0.978322282,,,,,,,,,,
Mauritius,Mauritian,0.01679,0.014175086,0.000133242,0.000220436,0.004850883,0.003917832,0.000212471,0.000245341,0.1324,0.0353,0.12,0.2424,0.4247,0.98861268,,,,,,,,,,
Mexico,Mexican,0.166773,0.034398211,8.53E-06,0.000126523,0.016211948,0.00782625,0.002311437,9.34E-05,0.1325,0.0443,0.1424,0.2568,0.4073,0.984916388,,,,,,,,,,
Moldova,Moldovan,0.147789,0.003216221,7.83E-06,0.000116218,0.000649089,0.000718312,0.000109196,0.000505467,0.1081,0.057,0.1215,0.2574,0.4116,0.988498817,,,,,,,,,,
Monaco,Monegasque or Monacan,0.404854,0.017436138,1.85E-05,0.00852271,0.001681118,0.005806972,0.001175042,0.000472628,0.1105,0.0594,0.2159,0.2016,0.3954,0.989904159,,,,,,,,,,
Mongolia,Mongolian,0.377715,0.015990541,1.90E-05,0.000409819,0.004207447,0.005716729,0.000186628,0.000603296,0.1493,0.058,0.1549,0.2124,0.4326,0.97577216,,,,,,,,,,
Montenegro,Montenegrin,0.206333,0.008595702,7.71E-06,7.83E-05,0.001279018,0.00379718,0.000188601,6.91E-05,0.152,0.0544,0.1152,0.2459,0.4212,0.976256037,,,,,,,,,,
Morocco,Moroccan,-0.119643,0.027023339,5.68E-05,0.000207586,0.008389014,0.011268436,0.000363858,7.97E-05,0.1217,0.0471,0.1374,0.2723,0.385,0.989018535,,,,,,,,,,
Mozambique,Mozambican,0.395412,0.02444579,6.38E-06,0.002532956,0.002376727,0.013560062,0.000205195,0.000150613,0.1774,0.0489,0.127,0.2378,0.4345,0.982655188,,,,,,,,,,
Myanmar,Burmese or Myanmarese,0.133806,0.018144526,2.16E-05,0.000221893,0.003939373,0.006141677,0.000636808,0.000454606,0.1051,0.0605,0.1537,0.2093,0.4517,0.989468752,,,,,,,,,,
Namibia,Namibian,0.323858,0.017974739,1.05E-05,0.00010639,0.002391428,0.00912531,0.00030803,0.000176211,0.1454,0.0557,0.1378,0.2263,0.4552,0.969628706,,,,,,,,,,
Nauru,Nauruan,0.360045,0.002488664,6.92E-06,7.82E-05,0.000437429,0.000782154,8.75E-05,7.88E-05,0.1411,0.0425,0.1493,0.2118,0.4321,0.986839119,,,,,,,,,,
Nepal,Nepalese,0.44998,0.013263954,1.11E-05,0.000170939,0.001587972,0.006697994,0.000166537,0.00017729,0.1345,0.0448,0.1712,0.2172,0.3633,0.997048983,,,,,,,,,,
Netherlands,"Netherlander, Dutchman/woman, Hollander, or Dutch (collective)",0.521777,0.010383279,2.23E-05,0.000363711,0.001201303,0.005508515,0.000228154,0.000364525,0.1023,0.1042,0.2092,0.2208,0.4645,0.969100481,,,,,,,,,,
New Zealand,New Zealander or Kiwi,0.349375,0.024195002,2.39E-05,0.008116874,0.001109401,0.014430292,0.000133598,0.001526698,0.1332,0.0468,0.1173,0.2387,0.453,0.983002359,,,,,,,,,,
Nicaragua,Nicaraguan,0.068413,0.009650703,7.14E-06,0.000193355,0.000880199,0.002251947,0.002121475,0.000736011,0.1284,0.0655,0.1333,0.265,0.4422,0.989646609,,,,,,,,,,
Niger,Nigerian,-0.125738,0.012691334,1.68E-05,0.000126729,0.003711297,0.002871125,0.000544148,0.000238048,0.102,0.0422,0.1543,0.2494,0.4613,0.988725324,,,,,,,,,,
Nigeria,Nigerien,-0.006536,0.038192585,2.11E-05,0.010064154,0.00349751,0.018397961,0.000307568,0.000430043,0.105,0.0397,0.1444,0.2395,0.397,0.958159049,,,,,,,,,,
North Korea,North Korean,0.066595,0.021233016,6.58E-06,0.001115411,0.003518923,0.01040478,0.000476772,6.79E-05,0.109,0.0513,0.1345,0.278,0.4578,0.982515745,,,,,,,,,,
Norway,Norwegian,0.285201,0.006625353,1.99E-05,0.000153389,0.003012612,0.000995111,0.00043137,0.000292329,0.1332,0.0514,0.1183,0.2289,0.3994,0.960803899,,,,,,,,,,
Oman,Omani,0.16409,0.016543807,1.34E-05,9.79E-05,0.004732204,0.005363389,0.000254097,9.40E-05,0.1387,0.0517,0.141,0.2594,0.4624,0.957572424,,,,,,,,,,
Pakistan,Pakistani,-0.034808,0.029421246,2.87E-05,0.000198129,0.012764138,0.006176052,0.000775959,0.003929501,0.114,0.0507,0.1321,0.2309,0.43,0.983918158,,,,,,,,,,
Palau,Palauan,0.369896,0.006519462,1.26E-05,0.000127381,0.001114376,0.002120832,0.000165505,8.44E-05,0.1325,0.0455,0.1663,0.2259,0.4396,0.97794454,,,,,,,,,,
Panama,Panamanian,0.216526,0.006669401,6.31E-06,0.000115455,0.001040355,0.00355132,8.19E-05,0.000145621,0.145,0.0496,0.1218,0.2341,0.4323,0.98291504,,,,,,,,,,
Papua New Guinea,Papua New Guinean,0.040207,0.006419379,1.35E-05,0.000697171,0.000697334,0.001590126,0.000259402,0.001092729,0.106,0.0383,0.1861,0.2368,0.4575,0.980444937,,,,,,,,,,
Paraguay,Paraguayan,0.064732,0.00479622,7.34E-06,0.000125205,0.000887254,0.001195609,0.000175285,0.000214765,0.1166,0.0375,0.1415,0.2368,0.4415,0.989941374,,,,,,,,,,
Peru,Peruvian,0.377124,0.014367941,9.56E-06,0.003668126,0.001436527,0.004271894,0.000161126,0.003507113,0.1159,0.0506,0.1672,0.2254,0.3635,0.992848504,,,,,,,,,,
Philippines,Filipino,0.177743,0.01297251,1.04E-05,0.001891157,0.002858373,0.004007132,0.000209199,0.000269171,0.1557,0.0464,0.1398,0.2467,0.4009,0.996227649,,,,,,,,,,
Poland,Pole or Polish,0.359889,0.017101153,3.06E-05,0.000335768,0.003521489,0.005278329,0.00215368,0.000187545,0.1644,0.0487,0.171,0.2425,0.394,0.992285675,,,,,,,,,,
Portugal,Portuguese,0.544221,0.010750586,8.16E-06,0.006084424,0.001167318,0.002925023,0.000157507,0.000476603,0.1624,0.0555,0.16,0.2285,0.4407,0.973237565,,,,,,,,,,
Qatar,Qatari,0.110666,0.015887709,8.34E-06,8.17E-05,0.002509897,0.008101876,0.000199179,6.29E-05,0.1101,0.0521,0.1183,0.2579,0.4364,0.98083444,,,,,,,,,,
Republic of the Congo,Congolese (Republic),-0.049817,0.018798274,1.74E-05,0.006825082,0.001339463,0.004920312,0.000301108,0.003081048,0.0922,0.0523,0.1412,0.259,0.4555,0.970988725,,,,,,,,,,
Romania,Romanian,0.429489,0.019855914,4.08E-05,0.000202259,0.002592956,0.012348776,0.000125874,0.000292743,0.1673,0.0458,0.13,0.2193,0.4165,0.974067301,,,,,,,,,,
Russia,Russian,0.101337,0.030350292,3.40E-06,0.004373249,0.002418005,0.013120341,0.000736859,6.59E-05,0.1345,0.0569,0.1337,0.2589,0.4633,0.982819369,,,,,,,,,,
Rwanda,Rwandan,-0.228231,0.014357632,1.51E-05,0.000302303,0.001712841,0.003362386,0.000578526,0.001832364,0.1035,0.0526,0.1271,0.2526,0.319,0.998031943,,,,,,,,,,
Saint Kitts and Nevis,Kittian and Nevisian,0.51616,0.012040121,3.40E-05,0.000730294,0.004253579,0.004296249,0.000182643,0.000111402,0.1691,0.0527,0.1533,0.2083,0.3969,0.960434858,,,,,,,,,,
Saint Lucia,Saint Lucian,0.509853,0.014545949,5.17E-05,0.000280149,0.002683594,0.006962719,0.000290028,0.00044627,0.1446,0.062,0.2431,0.2302,0.3577,0.99740271,,,,,,,,,,
Saint Vincent and the Grenadines,Saint Vincentian or Vincentian,0.473461,0.011359793,5.70E-05,0.000253373,0.002214331,0.003893356,0.000420549,0.001409828,0.1318,0.0604,0.2142,0.2259,0.3712,0.988789455,,,,,,,,,,
Samoa,Samoan,0.53686,0.010964195,1.48E-05,0.000157109,0.002524787,0.004310889,0.000167151,0.000531546,0.1363,0.0574,0.176,0.2268,0.4364,0.969814531,,,,,,,,,,
San Marino,Sammarinese or San Marinese,0.617835,0.008858524,4.28E-05,0.000161308,0.003450069,0.002758524,0.000127866,0.000214324,0.1349,0.0579,0.2126,0.1933,0.4033,0.990600007,,,,,,,,,,
São Tomé and Principe,Sao Tomean,0.252599,0.009163181,1.73E-05,0.001404312,0.001994653,0.002921238,0.000224548,0.000422124,0.1207,0.0453,0.1676,0.2293,0.4353,0.965996765,,,,,,,,,,
Saudi Arabia,Saudi or Saudi Arabian,0.04617,0.020363378,3.22E-05,0.000162753,0.005245449,0.007604725,0.00022796,0.000289964,0.1101,0.0468,0.1427,0.2656,0.4475,0.978808875,,,,,,,,,,
Senegal,Senegalese,0.317852,0.011941568,2.71E-05,0.001323277,0.001815016,0.004727659,0.000309847,0.001711095,0.133,0.044,0.1344,0.2407,0.4014,0.985620649,,,,,,,,,,
Serbia,Serbian,0.06761,0.015005082,1.03E-05,0.000181674,0.000979162,0.007121568,0.000199213,0.001421912,0.1509,0.0567,0.1352,0.2456,0.4831,0.982990583,,,,,,,,,,
Seychelles,Seychellois,0.365444,0.018283995,7.94E-06,0.000109197,0.000817432,0.006535113,0.008128199,6.48E-05,0.1319,0.048,0.1042,0.2333,0.4644,0.976576118,,,,,,,,,,
Sierra Leone,Sierra Leonean,-0.398773,0.007772511,1.04E-05,0.000189245,0.000602217,0.002392072,0.000365643,0.001030886,0.0802,0.0484,0.1497,0.2571,0.4469,0.971742998,,,,,,,,,,
Singapore,Singaporean,0.395086,0.01533731,2.65E-06,6.00E-05,0.000223035,0.013010553,6.40E-05,4.20E-05,0.1455,0.0598,0.1335,0.2045,0.4491,0.976123816,,,,,,,,,,
Slovakia,Slovak or Slovakian,0.54086,0.006074747,1.87E-05,0.000201478,0.001938013,0.002198837,0.000116096,9.80E-05,0.1523,0.0561,0.1279,0.2039,0.4249,0.980330557,,,,,,,,,,
Slovenia,Slovene or Slovenian,0.44609,0.004909524,1.42E-05,0.001376033,0.001297116,0.001051414,0.000102799,0.000114395,0.1544,0.0515,0.1575,0.1923,0.401,0.996154822,,,,,,,,,,
Solomon Islands,Solomon Islander,0.54438,0.01030169,3.78E-05,0.001405381,0.002786407,0.002842908,0.000566313,0.000570287,0.1384,0.0439,0.1892,0.2082,0.4208,0.982809612,,,,,,,,,,
Somalia,Somali,-0.338668,0.030343171,5.37E-05,0.001780571,0.011281779,0.005956414,0.00058296,0.000605573,0.0835,0.0516,0.1719,0.2638,0.4641,0.97996167,,,,,,,,,,
South Africa,South African,-0.004958,0.023459615,2.98E-05,0.001547614,0.007792363,0.005651441,0.000202895,0.000337583,0.0954,0.0617,0.1338,0.2358,0.4378,0.980986866,,,,,,,,,,
South Korea,South Korean,0.220858,0.01497984,1.08E-05,0.000112833,0.002282051,0.009180649,0.000117257,0.000605978,0.1284,0.0541,0.116,0.2628,0.4542,0.974175606,,,,,,,,,,
South Sudan,South Sudanese,-0.42484,0.016179122,8.86E-06,0.000147628,0.003088119,0.00528091,0.000347882,0.000133387,0.0766,0.062,0.1258,0.2717,0.3923,0.992190189,,,,,,,,,,
Spain,Spaniard or Spanish,0.523081,0.03308036,2.06E-05,0.000187391,0.00463494,0.021477736,0.000115929,0.000102212,0.1411,0.0632,0.1614,0.2417,0.4716,0.961555949,,,,,,,,,,
Sri Lanka,Sri Lankan,0.072163,0.00820766,1.24E-05,0.000102561,0.001888486,0.001794135,0.000469695,0.00012511,0.1185,0.044,0.1284,0.2376,0.4463,0.982607942,,,,,,,,,,
Sudan,Sudanese,-0.401166,0.019652665,2.13E-05,0.001656468,0.00442105,0.003952132,0.000345131,0.001492042,0.0851,0.052,0.1366,0.2803,0.396,0.993182299,,,,,,,,,,
Suriname,Surinamer,0.272627,0.016587343,3.39E-05,0.000233077,0.004122015,0.006623011,0.000423743,0.000465342,0.128,0.0713,0.1485,0.2572,0.3864,0.996520118,,,,,,,,,,
Swaziland,Swazi,-0.001378,0.075087704,0.000122639,0.000552711,0.031278034,0.02513063,0.001402586,0.000227333,0.1254,0.0631,0.1627,0.2617,0.4111,0.995776559,,,,,,,,,,
Sweden,Swede or Swedish,0.551709,0.025674417,7.92E-06,0.008398472,0.002401613,0.012920073,0.000319544,0.000966686,0.1712,0.0561,0.1448,0.2072,0.4504,0.968816897,,,,,,,,,,
Switzerland,Swiss,0.410773,0.009081061,5.64E-06,0.0001216,0.000834285,0.005468994,7.82E-05,0.000205567,0.1422,0.0517,0.1199,0.236,0.4033,0.97570216,,,,,,,,,,
Syria,Syrian,-0.362568,0.026030967,1.54E-05,0.00176356,0.004626274,0.003247819,0.006296721,6.91E-05,0.0779,0.0657,0.1282,0.3043,0.4241,0.98684909,,,,,,,,,,
Tajikistan,Tajik or Tadzhik,0.261533,0.004714465,1.31E-05,0.000155836,0.001001546,0.001144397,0.000226331,8.82E-05,0.1216,0.0558,0.1564,0.2429,0.4556,0.977235705,,,,,,,,,,
Tanzania,Tanzanian,0.156812,0.004933855,2.02E-05,0.000131622,0.00164233,0.001232272,0.000104689,0.000345907,0.1202,0.0568,0.1459,0.2215,0.4064,0.989074635,,,,,,,,,,
Thailand,Thai,0.355139,0.0187764,1.38E-05,0.000153254,0.001809697,0.007893083,0.002188174,0.000189166,0.1322,0.06,0.1323,0.26,0.4101,0.987264935,,,,,,,,,,
The Bahamas,Bahamian,0.274941,0.013112047,5.05E-05,0.00021425,0.004584602,0.003625603,0.000225896,0.000363643,0.1427,0.0556,0.1582,0.2387,0.3952,0.991131954,,,,,,,,,,
The Gambia,Gambian,-0.183036,0.013035451,1.74E-05,0.000158703,0.00379924,0.005036476,0.000237363,0.0001256,0.085,0.0497,0.1523,0.2909,0.4064,0.987106596,,,,,,,,,,
Togo,Togolese,0.23013,0.021299484,8.19E-05,0.000276895,0.00564474,0.01077397,0.000272556,0.000155385,0.1184,0.0572,0.1928,0.2213,0.4026,0.990175236,,,,,,,,,,
Tonga,Tongan,0.527783,0.007996801,1.20E-05,0.000143395,0.001816174,0.00281979,0.000160588,0.000145683,0.1542,0.0532,0.1771,0.2123,0.3736,0.984567102,,,,,,,,,,
Trinidad and Tobago,Trinidadian and Tobagonian,0.419163,0.017225504,0.000123429,0.003299519,0.007302345,0.003179703,0.000367591,0.000825099,0.1164,0.0608,0.2155,0.2249,0.4405,0.965753456,,,,,,,,,,
Tunisia,Tunisian,-0.418868,0.02902998,1.13E-05,0.000266808,0.011046313,0.007372827,0.000834338,0.000108358,0.0994,0.0479,0.1307,0.2605,0.3931,0.984924221,,,,,,,,,,
Turkiye,Turk or Turkish,0.071401,0.014414689,4.04E-05,0.000140862,0.004127152,0.004525131,0.000221399,0.000136502,0.1217,0.0456,0.1654,0.2552,0.391,0.975495238,,,,,,,,,,
Turkmenistan,Turkmen(s),0.06687,0.039641419,4.96E-05,0.000370441,0.007773403,0.022615091,0.002073444,0.000606191,0.1325,0.0636,0.1478,0.2655,0.4265,0.98890983,,,,,,,,,,
Tuvalu,Tuvaluan,0.255369,0.008386466,1.16E-05,0.000863081,0.001587537,0.002664612,0.00017289,9.32E-05,0.104,0.0467,0.2038,0.2198,0.4399,0.961508996,,,,,,,,,,
Uganda,Ugandan,-0.105618,0.014187341,2.26E-05,0.000182701,0.001810119,0.006862654,0.000234955,0.000494709,0.0953,0.0627,0.1416,0.26,0.4448,0.975250284,,,,,,,,,,
Ukraine,Ukrainian,-0.259303,0.020520635,3.06E-06,0.005862445,0.000669798,0.009879279,0.00019512,0.000122512,0.1111,0.0665,0.1027,0.2751,0.4495,0.956821122,,,,,,,,,,
United Arab Emirates,Emirian,0.100551,0.007811833,1.12E-05,8.89E-05,0.002794353,0.00135701,0.000217911,5.81E-05,0.1249,0.0432,0.1405,0.2632,0.4128,0.992465731,,,,,,,,,,
United Kingdom,"Briton or British (collective), Englishman/woman, Scot or Scotsman/woman, Irish (collective),Â Welshman/woman, Northern Irishman/woman or Northern Irish (collective)",0.591438,0.008188031,2.77E-05,0.000203137,0.00191724,0.004066671,7.13E-05,0.00021182,0.1025,0.0645,0.2477,0.1851,0.4,0.95455818,,,,,,,,,,
United States of America,American,0.147896,0.063355586,1.61E-05,0.008878655,0.005057268,0.044691311,0.000175066,0.001789664,0.0993,0.0499,0.1679,0.2611,0.4128,0.993278888,,,,,,,,,,
Uruguay,Uruguayan,0.191608,0.002662967,5.92E-06,8.09E-05,0.000345708,0.000902425,1.00E-04,7.39E-05,0.1462,0.0376,0.1483,0.2171,0.4177,0.967978656,,,,,,,,,,
Uzbekistan,Uzbek or Uzbekistani,0.236694,0.010547527,2.43E-05,0.000145215,0.00344878,0.00285863,0.00018642,0.000105974,0.1057,0.0467,0.1916,0.2385,0.4219,0.976836535,,,,,,,,,,
Vanuatu,Ni-Vanuatu,0.39693,0.005589871,4.60E-06,0.000101648,0.002115531,0.002001738,5.37E-05,5.30E-05,0.1532,0.0415,0.1347,0.217,0.4085,0.978923591,,,,,,,,,,
Venezuela,Venezuelan,-0.036587,0.011617526,2.92E-06,0.000526864,0.000289855,0.006239069,0.000316609,7.17E-05,0.1185,0.0655,0.1109,0.2827,0.4303,0.973013507,,,,,,,,,,
Vietnam,Vietnamese,0.193615,0.01953042,5.17E-06,0.000347193,0.00308099,0.009140537,0.000193745,9.12E-05,0.1416,0.0601,0.1167,0.2518,0.4494,0.96117918,,,,,,,,,,
Yemen,Yemeni or Yemenite,-0.358986,0.011820926,1.78E-05,0.000112619,0.002435125,0.004335332,0.000329136,8.29E-05,0.0833,0.0485,0.1374,0.2716,0.4618,0.990649905,,,,,,,,,,
Zambia,Zambian,0.206158,0.021242698,1.36E-05,0.000215437,0.002828634,0.011333758,0.00025787,0.000614445,0.1303,0.0461,0.1385,0.2227,0.4839,0.978376216,,,,,,,,,,
Zimbabwe,Zimbabwean,-0.060286,0.018802536,9.82E-06,0.000746108,0.002403111,0.011987598,0.000121431,0.000164473,0.1116,0.0508,0.1173,0.2365,,,,,,,,,,,,
